"weight_sum","Rate"
239.65983966681,"Weekly"
1439.26087291766,"Monthly"
5724.65590621819,"Quarterly"
4706.68191303209,"Semi-annually"
4044.92328900207,"Annually"
139.174320611081,"Don't remember"
16935.9572457661,"Never"
