"Satisfaction","weight_sum"
"Low (0-4)",3892.06263907691
"Medium (5-6)",6787.71727166324
"High (7-8)",14498.3687715354
"Very high (9-10)",6860.65895861793
